{
    "P018": {
        "petal_id": 2,
        "device_loc": 11,
        "center": {
            "x": 54.223540775,
            "y": 32.156358325,
            "z": -0.5668154000000001
        }
    },
    "P125": {
        "petal_id": 2,
        "device_loc": 75,
        "center": {
            "x": 153.08992505,
            "y": 41.684137825,
            "z": -2.82696345
        }
    },
    "P014": {
        "petal_id": 2,
        "device_loc": 150,
        "center": {
            "x": 241.6937129,
            "y": 14.192133875,
            "z": -6.5802239
        }
    },
    "P082": {
        "petal_id": 2,
        "device_loc": 239,
        "center": {
            "x": 215.44959382500002,
            "y": 149.3564816,
            "z": -7.693678625
        }
    },
    "P124": {
        "petal_id": 2,
        "device_loc": 321,
        "center": {
            "x": 303.9188268500001,
            "y": 86.29221365000001,
            "z": -11.199992850000001
        }
    },
    "P104": {
        "petal_id": 2,
        "device_loc": 439,
        "center": {
            "x": 409.4792344,
            "y": 14.102303299999999,
            "z": -19.044632725
        }
    },
    "P010": {
        "petal_id": 2,
        "device_loc": 482,
        "center": {
            "x": 403.85418030000005,
            "y": 59.571288675000005,
            "z": -18.895971799999998
        }
    },
    "P066": {
        "petal_id": 2,
        "device_loc": 496,
        "center": {
            "x": 330.9546239,
            "y": 185.49413135000003,
            "z": -16.211662875000002
        }
    },
    "P023": {
        "petal_id": 2,
        "device_loc": 517,
        "center": {
            "x": 393.97229475,
            "y": 113.57465865,
            "z": -19.010854375
        }
    },
    "P096": {
        "petal_id": 2,
        "device_loc": 534,
        "center": {
            "x": 367.930019325,
            "y": 176.98370069999999,
            "z": -18.899364025
        }
    },
    "P053": {
        "petal_id": 2,
        "device_loc": 541,
        "center": {
            "x": 295.36677575,
            "y": 207.14586995000002,
            "z": -14.688073125
        }
    },
    "P050": {
        "petal_id": 2,
        "device_loc": 542,
        "center": {
            "x": 357.2379699,
            "y": 202.29390832500002,
            "z": -19.269054475
        }
    }
}