{"P009": {"pinhole2": {"y": 149.34385452, "x": 216.36325748, "error": 0.0013819097697591598, "z": -7.6741196799999996}, "petal_id": 6, "pinhole1": {"y": 149.07909046, "x": 214.78604572, "error": 0.0011872119348225185, "z": -7.56091502}, "pinhole3": {"y": 150.26256347999998, "x": 214.58633700000001, "error": 0.0003886848171339441, "z": -7.611613180000001}, "pinhole4": {"y": 149.80279620000005, "x": 215.47592602, "error": 0.001367715358258803, "z": -7.5832983}, "device_loc": 239, "center": {"y": 149.622076165, "x": 215.302891555, "z": -7.607486545}}, "P089": {"pinhole2": {"y": 86.77161146, "x": 303.19292712, "error": -0.005585145530675906, "z": -11.09763574}, "petal_id": 6, "pinhole1": {"y": 87.244117, "x": 304.71062522, "error": 0.00028428958641346647, "z": -11.21696194}, "pinhole3": {"y": 86.09669402, "x": 305.06673782, "error": -0.0006197933754167329, "z": -11.203308640000001}, "pinhole4": {"y": 86.43413174000001, "x": 304.1256625, "error": 0.003296378975691183, "z": -11.127428900000002}, "device_loc": 321, "center": {"y": 86.636638555, "x": 304.273988165, "z": -11.161333805}}, "P075": {"pinhole2": {"y": 203.46880646, "x": 357.80812004, "error": 0.002987265934411898, "z": -19.45213058}, "petal_id": 6, "pinhole1": {"y": 201.87774649999997, "x": 357.66006511999996, "error": 0.0007142392572032641, "z": -19.324112}, "pinhole3": {"y": 201.99494638000002, "x": 356.46890554000004, "error": 0.0012853965063054362, "z": -19.219751}, "pinhole4": {"y": 202.73157742, "x": 357.13787728, "error": 0.0004808211645309646, "z": -19.31772016}, "device_loc": 542, "center": {"y": 202.51826918999998, "x": 357.268741995, "z": -19.328428435}}, "P110": {"pinhole2": {"y": 177.65058174, "x": 368.24647964, "error": 0.0029150458712237093, "z": -18.945511200000002}, "petal_id": 6, "pinhole1": {"y": 176.06350709999998, "x": 368.44358778000003, "error": 0.001226620174425208, "z": -18.86673934}, "pinhole3": {"y": 175.92145808, "x": 367.2575164, "error": 0.0025970990232289104, "z": -18.70652368}, "pinhole4": {"y": 176.78596011999997, "x": 367.7517362, "error": 0.002329373276656166, "z": -18.79540398}, "device_loc": 534, "center": {"y": 176.60537675999998, "x": 367.924830005, "z": -18.82854455}}, "P065": {"pinhole2": {"y": 32.17691742, "x": 55.00533972000001, "error": -0.0018629608930065267, "z": -0.47402884000000006}, "petal_id": 6, "pinhole1": {"y": 31.616493339999998, "x": 53.51494026, "error": -0.0037941346371839213, "z": -0.45498812000000005}, "pinhole3": {"y": 32.74059476, "x": 53.08554855999999, "error": 0.0022861681585572002, "z": -0.47090374000000007}, "pinhole4": {"y": 32.456843479999996, "x": 54.04506822, "error": -0.0008724823102796431, "z": -0.42860618000000006}, "device_loc": 11, "center": {"y": 32.24771225, "x": 53.912724190000006, "z": -0.4571317200000001}}, "P001": {"pinhole2": {"y": 58.69974116000001, "x": 405.00311511999996, "error": -0.010012980517202452, "z": -18.94010088}, "petal_id": 6, "pinhole1": {"y": 58.80105751999999, "x": 403.42366792, "error": 0.0014559865293416463, "z": -18.75960712}, "pinhole3": {"y": 59.99715964000001, "x": 403.50932928000003, "error": -0.004898821687723154, "z": -18.78372896}, "pinhole4": {"y": 59.34289937999999, "x": 404.26207601999994, "error": 0.0010494250446802522, "z": -18.848976999999998}, "device_loc": 482, "center": {"y": 59.210214425000004, "x": 404.04954708500003, "z": -18.83310349}}, "P120": {"pinhole2": {"y": 113.63998886000002, "x": 392.92125248, "error": 0.002696365882566276, "z": -18.85067294}, "petal_id": 6, "pinhole1": {"y": 114.24577842, "x": 394.39152092, "error": 0.0026382833773906933, "z": -19.0811134}, "pinhole3": {"y": 113.13737739999999, "x": 394.84869046000006, "error": 0.001611608695330613, "z": -19.0809861}, "pinhole4": {"y": 113.38834532000001, "x": 393.88486962, "error": 0.003770561859108623, "z": -18.94001886}, "device_loc": 517, "center": {"y": 113.6028725, "x": 394.01158337000004, "z": -18.988197825}}, "P129": {"pinhole2": {"y": 13.83695286, "x": 408.58788968, "error": 0.0003798638135130705, "z": -18.86854114}, "petal_id": 6, "pinhole1": {"y": 15.325670259999999, "x": 409.17000715999995, "error": 0.0005187945990443588, "z": -18.95379802}, "pinhole3": {"y": 14.88467482, "x": 410.28069158, "error": 0.0017494376897484454, "z": -19.08478986}, "pinhole4": {"y": 14.36088234, "x": 409.43483326, "error": 0.000306531119135367, "z": -18.9575273}, "device_loc": 439, "center": {"y": 14.602045069999999, "x": 409.36835541999994, "z": -18.96616408}}, "P064": {"pinhole2": {"y": 185.73095184, "x": 331.76270242, "error": 0.0015195943582255733, "z": -16.254430019999997}, "petal_id": 6, "pinhole1": {"y": 184.76657854, "x": 330.49488180000003, "error": 0.00014036643646697655, "z": -16.08465306}, "pinhole3": {"y": 185.72232478, "x": 329.76873914, "error": 0.0003009131436705337, "z": -16.0736807}, "pinhole4": {"y": 185.72633258000002, "x": 330.76609902, "error": -0.0007435116355116456, "z": -16.141483360000002}, "device_loc": 496, "center": {"y": 185.48654693499998, "x": 330.698105595, "z": -16.138561785}}, "P112": {"pinhole2": {"y": 13.5752384, "x": 240.93499062, "error": -0.00040600335100182683, "z": -6.4971463}, "petal_id": 6, "pinhole1": {"y": 15.1307322, "x": 241.31290926000003, "error": -0.00019594717105364534, "z": -6.510964059999999}, "pinhole3": {"y": 14.847682120000002, "x": 242.4774708, "error": 0.0012763359802432372, "z": -6.57262906}, "pinhole4": {"y": 14.21132784, "x": 241.70324214000001, "error": 1.5005424397529499e-05, "z": -6.4998345}, "device_loc": 150, "center": {"y": 14.44124514, "x": 241.60715320500003, "z": -6.52014348}}, "P111": {"pinhole2": {"y": 208.55457463999997, "x": 295.23729948, "error": 0.0017169584132374904, "z": -14.709192060000001}, "petal_id": 6, "pinhole1": {"y": 207.49014954000003, "x": 296.43610604, "error": 0.0028038422007237163, "z": -14.74072086}, "pinhole3": {"y": 206.5962053, "x": 295.64311041999997, "error": 0.0003327976044542602, "z": -14.60677958}, "pinhole4": {"y": 207.57454552, "x": 295.44027746, "error": 0.002758861990339645, "z": -14.633960480000002}, "device_loc": 541, "center": {"y": 207.55386875000002, "x": 295.68919834999997, "z": -14.672663245000003}}, "P084": {"pinhole2": {"y": 41.99056394, "x": 153.95404309999998, "error": 0.0007287302714675814, "z": -2.79234082}, "petal_id": 6, "pinhole1": {"y": 40.56260892, "x": 153.23085414000002, "error": 0.0005236368406063008, "z": -2.76579308}, "pinhole3": {"y": 41.105343620000006, "x": 152.16059646, "error": -0.00041657764573543865, "z": -2.73738512}, "pinhole4": {"y": 41.547609460000004, "x": 153.0563908, "error": 0.002067630153776756, "z": -2.72216096}, "device_loc": 75, "center": {"y": 41.301531485, "x": 153.100471125, "z": -2.754419995}}}