{"P092": {"pinhole4": {"x": 367.73726174, "z": -18.81590146, "y": 176.72099944, "error": 0.0010984854037132674}, "pinhole3": {"x": 368.41143694000004, "z": -18.8574913, "y": 175.98010958, "error": 0.001313224812570346}, "pinhole1": {"x": 368.62606096, "z": -18.956535780000003, "y": 177.16320834000004, "error": 0.0017745344737863933}, "petal_id": 10, "device_loc": 534, "pinhole2": {"x": 367.0644185, "z": -18.8012059, "y": 177.45374012000002, "error": -0.003942055573818992}, "center": {"x": 367.959794535, "z": -18.85778361, "y": 176.82951437}}, "P086": {"pinhole4": {"x": 304.09674346, "z": -11.1447229, "y": 86.4481306, "error": -0.0004160667394343953}, "pinhole3": {"x": 304.27678544, "z": -11.19632002, "y": 87.43062161999998, "error": -0.000698250141503709}, "pinhole1": {"x": 303.20814555999993, "z": -11.10996768, "y": 86.89916092000001, "error": -0.002198306291012475}, "petal_id": 10, "device_loc": 321, "pinhole2": {"x": 303.91441928000006, "z": -11.1248121, "y": 85.46516166, "error": -0.0003813787013835501}, "center": {"x": 303.874023435, "z": -11.143955675, "y": 86.56076870000001}}, "P131": {"pinhole4": {"x": 404.22149604000003, "z": -18.879566060000002, "y": 59.40499994, "error": -0.0015034777721901482}, "pinhole2": {"x": 404.27520169999997, "z": -18.872154279999997, "y": 58.40566104, "error": -0.0008132680110795043}, "pinhole1": {"x": 403.25862268000003, "z": -18.78808842, "y": 59.631394840000006, "error": -0.005019323770273032}, "petal_id": 10, "device_loc": 482, "pinhole3": {"x": 404.1657397, "z": -18.89902864, "y": 60.402935760000005, "error": -0.00011533696089294221}, "center": {"x": 403.98026503000006, "z": -18.85970935, "y": 59.46124789500001}}, "P105": {"pinhole4": {"x": 54.16753502500001, "z": -0.49595140000000004, "y": 32.44612536, "error": 0.0013923853650921747}, "pinhole2": {"x": 53.537073775, "z": -0.49039735999999995, "y": 31.67531386, "error": -0.003883642331234727}, "pinhole1": {"x": 53.597608225, "z": -0.5156740400000001, "y": 33.2673462, "error": -0.0014021220377491428}, "petal_id": 10, "device_loc": 11, "pinhole3": {"x": 54.798828, "z": -0.52386702, "y": 33.223683300000005, "error": 0.0006811810199820467}, "center": {"x": 54.025261256250005, "z": -0.5064724549999999, "y": 32.653117179999995}}, "P071": {"pinhole4": {"x": 393.91215716, "z": -19.02610196, "y": 113.43621066, "error": -1.3028110201956933e-05}, "pinhole3": {"x": 394.7998775, "z": -19.15230482, "y": 113.89308994000001, "error": 0.0033763277917958634}, "pinhole1": {"x": 393.72261493999997, "z": -19.052342439999997, "y": 114.41737681999999, "error": -9.658982091942381e-05}, "petal_id": 10, "device_loc": 517, "pinhole2": {"x": 393.0295732, "z": -18.928368499999998, "y": 112.97943842, "error": 0.0008460974592952031}, "center": {"x": 393.86605569999995, "z": -19.03977943, "y": 113.68152896000001}}, "P040": {"pinhole4": {"x": 295.37943942, "z": -14.7288277, "y": 207.50956878000002, "error": 0.0022806609328940852}, "pinhole3": {"x": 296.18981292, "z": -14.77474888, "y": 206.92417770000003, "error": -0.0005134451876550594}, "pinhole1": {"x": 296.16427548, "z": -14.855294879999999, "y": 208.12204756, "error": 0.0014905188532516878}, "petal_id": 10, "device_loc": 541, "pinhole2": {"x": 294.57117982, "z": -14.7114935, "y": 208.09485064, "error": -0.001475951824887467}, "center": {"x": 295.57617690999996, "z": -14.767591240000002, "y": 207.66266117000004}}, "P063": {"pinhole4": {"x": 241.58691214, "z": -6.539151100000001, "y": 14.25962724, "error": 0.0009557193845622369}, "pinhole3": {"x": 242.33624643999997, "z": -6.5733035, "y": 13.597774359999999, "error": -0.0007335094272767906}, "pinhole1": {"x": 242.43268014, "z": -6.592222380000001, "y": 14.79237046, "error": 0.00014140318271116392}, "petal_id": 10, "device_loc": 150, "pinhole2": {"x": 240.83963346000002, "z": -6.516066479999999, "y": 14.922348799999998, "error": -0.000615602697328077}, "center": {"x": 241.798868045, "z": -6.555185865, "y": 14.393030215}}, "P094": {"pinhole4": {"x": 153.06322784, "z": -2.73779764, "y": 41.4579716, "error": 0.001115364515023698}, "pinhole3": {"x": 152.30993496000002, "z": -2.7413945400000004, "y": 42.11710443333333, "error": 0.00014984044048138578}, "pinhole1": {"x": 152.21671696, "z": -2.7304501199999995, "y": 40.919411233333335, "error": 0.0025241498862075273}, "petal_id": 10, "device_loc": 75, "pinhole2": {"x": 153.81559848, "z": -2.76925636, "y": 40.79885276666667, "error": 0.0010165888388782296}, "center": {"x": 152.85136956000002, "z": -2.7447246649999997, "y": 41.32333500833334}}, "P035": {"pinhole4": {"x": 330.87091258, "z": -16.18182028, "y": 185.59227, "error": 0.0007358289085023229}, "pinhole2": {"x": 330.35917284, "z": -16.116678280000002, "y": 184.73604296, "error": -0.00035315908825328535}, "pinhole1": {"x": 330.19077916000003, "z": -16.173447539999998, "y": 186.32596284000002, "error": 5.829003523083465e-06}, "petal_id": 10, "device_loc": 496, "pinhole3": {"x": 331.37984978000003, "z": -16.27823776, "y": 186.44894943999998, "error": 0.00018480145258026326}, "center": {"x": 330.70017859, "z": -16.187545964999998, "y": 185.77580630999998}}, "P097": {"pinhole4": {"x": 356.73459149999996, "z": -19.325970560000002, "y": 202.8122636, "error": 0.0018251153594512903}, "pinhole2": {"x": 357.30896064, "z": -19.3228546, "y": 201.99542981999997, "error": -0.00024018993527308297}, "pinhole1": {"x": 355.7863529, "z": -19.2501465, "y": 202.49014892, "error": 0.0027568208150383633}, "petal_id": 10, "device_loc": 542, "pinhole3": {"x": 356.1551442, "z": -19.359798700000002, "y": 203.62902221999997, "error": 0.0003173397677191936}, "center": {"x": 356.49626231, "z": -19.31469259, "y": 202.73171614}}, "P013": {"pinhole4": {"x": 409.42471035999995, "z": -18.996698979999998, "y": 14.300174179999999, "error": 0.0013479133215753558}, "pinhole3": {"x": 410.02496386, "z": -19.065268120000002, "y": 13.50194832, "error": 0.00017913622912268945}, "pinhole1": {"x": 410.35168142000003, "z": -19.1324513, "y": 14.655443120000001, "error": 0.0007443623206946359}, "petal_id": 10, "device_loc": 439, "pinhole2": {"x": 408.82594738, "z": -18.942782899999997, "y": 15.098306679999999, "error": -0.0005900211780383025}, "center": {"x": 409.656825755, "z": -19.034300325, "y": 14.388968075000001}}, "P017": {"pinhole4": {"x": 215.58850136, "z": -7.6754313, "y": 149.83608823999998, "error": -0.0006197260388608183}, "pinhole2": {"x": 216.55701185999996, "z": -7.728262580000001, "y": 149.59005924000002, "error": -0.0001130730359131249}, "pinhole1": {"x": 215.08144691999996, "z": -7.64567126, "y": 148.97574568, "error": 0.00017526419239821678}, "petal_id": 10, "device_loc": 239, "pinhole3": {"x": 214.62002928, "z": -7.669484860000002, "y": 150.08357107999998, "error": -0.00037328324426200155}, "center": {"x": 215.461747355, "z": -7.679712500000001, "y": 149.62136605999999}}}