{"P068": {"pinhole2": {"y": 58.30235106, "error": 0.005086840854286678, "x": 404.32065412000003, "z": -18.897206400000005}, "pinhole4": {"y": 60.27292572, "error": -0.0002579777938296335, "x": 403.98205984000003, "z": -18.89221776}, "device_loc": 482, "pinhole1": {"y": 59.29085836, "error": 0.001027941311668057, "x": 404.1514613, "z": -18.88720128}, "petal_id": 7, "pinhole3": {"y": 59.39662644, "error": 0.00019813041938954168, "x": 403.15625628000004, "z": -18.785427140000003}, "center": {"y": 59.315690395000004, "x": 403.90260788500007, "z": -18.865513145}}, "P090": {"pinhole2": {"y": 206.91491007999997, "error": -0.0015221568530511265, "x": 295.05106573999996, "z": -14.613645120000001}, "pinhole4": {"y": 207.52266214000002, "error": 0.0001363035705095328, "x": 296.52010244, "z": -14.795125780000001}, "device_loc": 541, "pinhole1": {"y": 207.76602659999998, "error": -0.005507638709695201, "x": 295.5539562, "z": -14.703563919999999}, "petal_id": 7, "pinhole3": {"y": 208.02252542000002, "error": 0.0001356449539599014, "x": 294.5894384, "z": -14.64763898}, "center": {"y": 207.55653106, "x": 295.428640695, "z": -14.689993450000001}}, "P025": {"pinhole2": {"y": 42.06909245999999, "error": 0.0027409649113586676, "x": 153.87255762, "z": -2.8166664}, "pinhole4": {"y": 42.06373464, "error": -0.0014155293324709106, "x": 152.26970844, "z": -2.77002302}, "device_loc": 75, "pinhole1": {"y": 41.470900179999994, "error": -0.0007576343457654233, "x": 153.07025136, "z": -2.7718136600000003}, "petal_id": 7, "pinhole3": {"y": 40.86984866, "error": -0.002142004325890845, "x": 153.86908368, "z": -2.79892234}, "center": {"y": 41.618393985, "x": 153.270400275, "z": -2.789356355}}, "P015": {"pinhole2": {"y": 113.37372054, "error": 0.0007959415623356447, "x": 392.99818300000004, "z": -18.88721356}, "pinhole4": {"y": 112.47459058, "error": 0.0018331628946508527, "x": 394.31960262, "z": -19.01070084}, "device_loc": 517, "pinhole1": {"y": 113.42060302, "error": -0.0012648912955891822, "x": 393.99095108, "z": -18.990305640000003}, "petal_id": 7, "pinhole3": {"y": 114.36771526, "error": 0.0017286971737549006, "x": 393.66338751999996, "z": -19.00681344}, "center": {"y": 113.40915735, "x": 393.743031055, "z": -18.97375837}}, "P122": {"pinhole2": {"y": 201.80658061999998, "error": -0.0006901854712103583, "x": 356.61852694, "z": -19.225272179999997}, "pinhole4": {"y": 202.02575291999997, "error": -7.5778884370159e-05, "x": 357.79448422, "z": -19.336570039999998}, "device_loc": 542, "pinhole1": {"y": 202.69956342, "error": -0.00010179617581976275, "x": 357.05768909999995, "z": -19.3071372}, "petal_id": 7, "pinhole3": {"y": 203.59328463999998, "error": 0.0001618922551382962, "x": 357.49606754000007, "z": -19.426255140000002}, "center": {"y": 202.53129539999998, "x": 357.24169194999996, "z": -19.32380864}}, "P005": {"pinhole2": {"y": 176.7706381, "error": -0.0034991654631473246, "x": 366.8722373, "z": -18.7423187}, "pinhole4": {"y": 175.7408753, "error": 0.0018696379936693486, "x": 367.4865613, "z": -18.7480938}, "device_loc": 534, "pinhole1": {"y": 176.6585951, "error": -0.0032609617390087497, "x": 367.8579176, "z": -18.822417100000003}, "petal_id": 7, "pinhole3": {"y": 176.5471851, "error": -0.00026181508589873115, "x": 368.8513825, "z": -18.9476863}, "center": {"y": 176.4293234, "x": 367.76702467499996, "z": -18.815128975}}, "P016": {"pinhole2": {"y": 85.5854241, "error": -0.001069972466645197, "x": 303.7414127, "z": -11.1121338}, "pinhole4": {"y": 85.8327523, "error": -0.0038302413154334136, "x": 304.9157298, "z": -11.193551}, "device_loc": 321, "pinhole1": {"y": 86.4903053, "error": 0.0017652571562317698, "x": 304.1636103, "z": -11.1435992}, "petal_id": 7, "pinhole3": {"y": 87.3911167, "error": -0.00017385485810816892, "x": 304.5870869, "z": -11.2190164}, "center": {"y": 86.3248996, "x": 304.351959925, "z": -11.1670751}}, "P003": {"pinhole2": {"y": 32.722069160000004, "error": 0.004212243306247254, "x": 55.15504417999999, "z": -0.4967896400000001}, "pinhole4": {"y": 33.258864179999996, "error": -0.00029452590729106554, "x": 53.64382524, "z": -0.48494302000000006}, "device_loc": 11, "pinhole1": {"y": 32.42347462, "error": 0.0033165275532814897, "x": 54.19450668, "z": -0.45377330000000005}, "petal_id": 7, "pinhole3": {"y": 31.592855919999998, "error": -0.0023766295617780875, "x": 54.74573406, "z": -0.48445032}, "center": {"y": 32.49931597, "x": 54.43477754, "z": -0.4799890700000001}}, "P118": {"pinhole2": {"y": 150.11420457500003, "error": -0.00225099557629016, "x": 214.57822427500003, "z": -7.651181599999999}, "pinhole4": {"y": 148.802482475, "error": 0.0016468204262667374, "x": 215.490354625, "z": -7.65070904}, "device_loc": 239, "pinhole1": {"y": 149.80108654999998, "error": -0.0013390967283671007, "x": 215.523651475, "z": -7.66907844}, "petal_id": 7, "pinhole3": {"y": 150.810665625, "error": 0.008526661273665193, "x": 215.56215505, "z": -7.72162616}, "center": {"y": 149.88210980625, "x": 215.28859635625003, "z": -7.67314881}}, "P027": {"pinhole2": {"y": 13.314603639999998, "error": 0.00012480875476927888, "x": 241.83440226, "z": -6.533055800000001}, "pinhole4": {"y": 15.259025260000001, "error": -0.0005281841255286857, "x": 241.36652034, "z": -6.52356458}, "device_loc": 150, "pinhole1": {"y": 14.286058, "error": -0.0006872986911167223, "x": 241.59976148, "z": -6.510592679999999}, "petal_id": 7, "pinhole3": {"y": 14.333455760000001, "error": 0.00024948339820718424, "x": 240.60231349999998, "z": -6.477307140000001}, "center": {"y": 14.298285665, "x": 241.350749395, "z": -6.51113005}}, "P119": {"pinhole2": {"y": 13.341640660000001, "error": -0.0028301925059884825, "x": 409.87809894000003, "z": -19.05469532}, "pinhole4": {"y": 14.402903259999999, "error": 0.00010762042580858555, "x": 410.42789492, "z": -19.12965696}, "device_loc": 439, "pinhole1": {"y": 14.242551760000001, "error": -0.004716196788966259, "x": 409.45617955999995, "z": -19.00819926}, "petal_id": 7, "pinhole3": {"y": 15.145300260000003, "error": -0.0016587178529979818, "x": 409.02087466, "z": -18.97412972}, "center": {"y": 14.283098985000002, "x": 409.69576202, "z": -19.041670315}}}