{"P046": {"pinhole1": {"z": -16.23753566, "x": 331.39006842, "y": 186.31106472000002, "error": 0.002376070898855276}, "device_loc": 496, "pinhole2": {"z": -16.066136639999996, "x": 329.91072774, "y": 185.71856112, "error": 0.00042143508142467034}, "pinhole3": {"z": -16.2004359, "x": 331.83942655999994, "y": 185.19726038000002, "error": 0.0013291771616662507}, "pinhole4": {"z": -16.11124632, "x": 330.87382106, "y": 185.45772452, "error": 0.0033478887966543747}, "center": {"z": -16.153838629999996, "x": 331.003510945, "y": 185.671152685}, "petal_id": 5}, "P135": {"pinhole1": {"z": -14.73323782, "x": 295.31034888000005, "y": 208.67559264000002, "error": 0.0024541014082400947}, "device_loc": 541, "pinhole2": {"z": -14.542744660000002, "x": 294.57236266, "y": 207.26141189999998, "error": 0.002454833838478665}, "pinhole3": {"z": -14.801312200000002, "x": 296.37054576, "y": 208.11546638, "error": 0.004393668125497241}, "pinhole4": {"z": -14.623454079999998, "x": 295.47017842, "y": 207.68842934, "error": 0.005206713944616026}, "center": {"z": -14.675187189999999, "x": 295.43085893, "y": 207.935225065}, "petal_id": 5}, "P091": {"pinhole1": {"z": -0.5039267799999998, "x": 55.190102659999994, "y": 32.43442076, "error": 0.004115629027236611}, "device_loc": 11, "pinhole2": {"z": -0.5062099799999997, "x": 53.87446776, "y": 33.35190174, "error": 0.0002582599654996631}, "pinhole3": {"z": -0.49433545999999984, "x": 54.49753138000001, "y": 31.45109476, "error": -0.00014004359379626852}, "pinhole4": {"z": -0.4771550199999998, "x": 54.18405829999999, "y": 32.40144602, "error": 0.00327561842629992}, "center": {"z": -0.4954068099999998, "x": 54.436540025, "y": 32.40971582}, "petal_id": 5}, "P108": {"pinhole1": {"z": -18.911868079999998, "x": 393.01682223999995, "y": 113.99565691999999, "error": 0.0004300087434055966}, "device_loc": 517, "pinhole2": {"z": -18.93962604, "x": 393.71698147999996, "y": 112.55710498, "error": -0.0005964781589709034}, "pinhole3": {"z": -19.07488702, "x": 394.08756894, "y": 114.51635698, "error": -0.00046248646193758347}, "pinhole4": {"z": -18.96878312, "x": 393.90300826, "y": 113.54003402000001, "error": -0.0012602184267984373}, "center": {"z": -18.973791065, "x": 393.68109523, "y": 113.652288225}, "petal_id": 5}, "P115": {"pinhole1": {"z": -7.57648508, "x": 214.74540486, "y": 149.29780522000001, "error": 5.299076875076025e-06}, "device_loc": 239, "pinhole2": {"z": -7.658072899999999, "x": 216.34359876, "y": 149.35605188, "error": 0.0004635812370572534}, "pinhole3": {"z": -7.6299562199999995, "x": 214.70044711999998, "y": 150.4950532, "error": -0.000954343348199993}, "pinhole4": {"z": -7.6007844, "x": 215.52112763999997, "y": 149.92599912, "error": -0.0001768702887097462}, "center": {"z": -7.616324649999999, "x": 215.32764459499998, "y": 149.768727355}, "petal_id": 5}, "P054": {"pinhole1": {"z": -18.94223432, "x": 404.6390007333334, "y": 60.26775302000001, "error": 0.0011405725963374858}, "device_loc": 482, "pinhole2": {"z": -18.73390506, "x": 403.2005535333333, "y": 59.59603554, "error": -0.0008468938382755198}, "pinhole3": {"z": -18.9810363, "x": 405.14284419999996, "y": 59.1790081, "error": 0.0019242908037513384}, "pinhole4": {"z": -18.83338018, "x": 404.1685203333334, "y": 59.38752736, "error": 0.0033292955394612633}, "center": {"z": -18.872638965, "x": 404.2877297, "y": 59.60758100500001}, "petal_id": 5}, "P048": {"pinhole1": {"z": -18.868007679999998, "x": 372.34573612, "y": 168.36285182, "error": -0.00013245271491635346}, "device_loc": 534, "pinhole2": {"z": -18.799198119999996, "x": 372.48538252, "y": 166.76945505999998, "error": 0.00131601332566178}, "pinhole3": {"z": -19.041234600000003, "x": 373.53372134, "y": 168.46361616, "error": 0.005583424968179429}, "pinhole4": {"z": -18.86667016, "x": 373.0110301, "y": 167.61672474, "error": 0.0018006205640045403}, "center": {"z": -18.89377764, "x": 372.84396752000004, "y": 167.803161945}, "petal_id": 5}, "P130": {"pinhole1": {"z": -18.88355434, "x": 408.6166467, "y": 13.958181020000001, "error": -0.0012160034414095966}, "device_loc": 439, "pinhole2": {"z": -19.06289358, "x": 410.13183468000005, "y": 13.47756952, "error": 0.000501384516920611}, "pinhole3": {"z": -18.941146540000002, "x": 408.97205194, "y": 15.103330500000002, "error": 0.00014664535208186447}, "pinhole4": {"z": -18.979570220000003, "x": 409.55058282, "y": 14.289737860000002, "error": -0.002668997490910069}, "center": {"z": -18.96679117, "x": 409.317779035, "y": 14.207204725}, "petal_id": 5}, "P128": {"pinhole1": {"z": -19.171984979999998, "x": 356.65358954000004, "y": 201.67827582, "error": -0.001510486608767847}, "device_loc": 542, "pinhole2": {"z": -19.373569879999998, "x": 358.06298692, "y": 202.41519426, "error": 0.003535692896495801}, "pinhole3": {"z": -19.1894516, "x": 356.0923243, "y": 202.73672144, "error": 0.001158692564775743}, "pinhole4": {"z": -19.239384620000003, "x": 357.07949724, "y": 202.57663743999996, "error": -0.0007097674154592781}, "center": {"z": -19.24359777, "x": 356.9720995, "y": 202.35170724}, "petal_id": 5}, "P133": {"pinhole1": {"z": -2.80626052, "x": 153.7934288, "y": 42.214139540000005, "error": 0.0012426071184258314}, "device_loc": 75, "pinhole2": {"z": -2.73159054, "x": 152.26183616, "y": 41.753337720000005, "error": -9.363228073011598e-05}, "pinhole3": {"z": -2.8011861399999995, "x": 154.1385673, "y": 41.06445824000001, "error": -0.00012358112438426438}, "pinhole4": {"z": -2.7401853199999997, "x": 153.20042614, "y": 41.40807272, "error": 0.0021860869065039035}, "center": {"z": -2.7698056299999996, "x": 153.3485646, "y": 41.610002055}, "petal_id": 5}, "P012": {"pinhole1": {"z": -18.956218659999998, "x": 368.83920617999996, "y": 176.71373739999999, "error": 0.001959023435017415}, "device_loc": 533, "pinhole2": {"z": -18.838770320000002, "x": 367.45040804, "y": 177.50049116, "error": -0.00023855632806424332}, "pinhole3": {"z": -18.824485560000003, "x": 368.25681436, "y": 175.66985368, "error": 8.603277548113741e-05}, "pinhole4": {"z": -18.81459616, "x": 367.85359619999997, "y": 176.58450192, "error": 0.0024135964767975637}, "center": {"z": -18.858517675, "x": 368.10000619499993, "y": 176.61714604}, "petal_id": 5}, "P106": {"pinhole1": {"z": -6.5480858600000005, "x": 242.61342071999997, "y": 14.419577559999999, "error": -0.0006501061187026425}, "device_loc": 150, "pinhole2": {"z": -6.497686159999999, "x": 241.26030224000002, "y": 15.269902059999998, "error": -0.00037459061627687085}, "pinhole3": {"z": -6.4990077799999995, "x": 241.9788167, "y": 13.403060120000001, "error": -8.944379791842039e-05}, "pinhole4": {"z": -6.46941762, "x": 241.61984647999998, "y": 14.336491139999998, "error": 0.001444459049130098}, "center": {"z": -6.5035493550000005, "x": 241.86809653499998, "y": 14.35725772}, "petal_id": 5}, "P099": {"pinhole1": {"z": -11.192511, "x": 304.59009828, "y": 87.37139515999999, "error": 0.002087856209472827}, "device_loc": 321, "pinhole2": {"z": -11.071596719999999, "x": 303.12125782, "y": 86.74206712, "error": 0.00026250978998287877}, "pinhole3": {"z": -11.184537520000001, "x": 305.06182249999995, "y": 86.26721763999998, "error": 0.00020940415762182862}, "pinhole4": {"z": -11.103370799999999, "x": 304.0916631, "y": 86.50421589999999, "error": 0.0025945196049221853}, "center": {"z": -11.13800401, "x": 304.216210425, "y": 86.721223955}, "petal_id": 5}}