{"P087": {"pinhole2": {"x": 305.03596654, "error": 0.00026309116035605484, "z": -11.23974664, "y": 86.23267123999999}, "center": {"x": 303.94226498, "z": -11.154336015, "y": 86.21567796500001}, "pinhole1": {"x": 303.59074642, "error": 1.4404727032957254e-05, "z": -11.11969222, "y": 85.55415992}, "device_loc": 321, "pinhole4": {"x": 304.06010705999995, "error": -0.0003452132753487547, "z": -11.146267220000002, "y": 86.43562262}, "pinhole3": {"x": 303.0822399, "error": -0.0006299325177859805, "z": -11.111637980000001, "y": 86.64025808000001}, "petal_id": 4}, "P126": {"pinhole2": {"x": 214.89697533999998, "error": 0.0013048088315237294, "z": -7.6932011000000005, "y": 150.59667404}, "center": {"x": 215.75898940499997, "z": -7.696694559999999, "y": 149.91625259}, "pinhole1": {"x": 216.44872459999996, "error": 0.00023182921294040426, "z": -7.739273679999999, "y": 150.20805756}, "device_loc": 239, "pinhole4": {"x": 215.52985963999998, "error": 4.2085506037903286e-05, "z": -7.67006476, "y": 149.81975674}, "pinhole3": {"x": 216.16039803999996, "error": 0.0027251771328571373, "z": -7.6842387, "y": 149.04052201999997}, "petal_id": 4}, "P019": {"pinhole2": {"x": 242.05841884, "error": 0.0020214369375977093, "z": -6.52596054, "y": 13.44506926}, "center": {"x": 241.30180638499996, "z": -6.49245531, "y": 14.24133763}, "pinhole1": {"x": 240.57452138, "error": 0.0017574382757340468, "z": -6.468648400000001, "y": 14.05297984}, "device_loc": 150, "pinhole4": {"x": 241.54549308, "error": 0.0018115653422015598, "z": -6.48251838, "y": 14.30400434}, "pinhole3": {"x": 241.02879223999997, "error": 0.0008331547841251563, "z": -6.492693919999999, "y": 15.163297080000001}, "petal_id": 4}, "P134": {"pinhole2": {"x": 394.06966991999997, "error": -0.00020862219781725422, "z": -18.95131174, "y": 114.37050266000001}, "center": {"x": 394.06845212999997, "z": -18.90941797, "y": 113.27461242500002}, "pinhole1": {"x": 394.72156898000003, "error": 0.0005103057393469612, "z": -18.9725828, "y": 112.91051874}, "device_loc": 517, "pinhole4": {"x": 393.85099714, "error": 0.0004363334350396264, "z": -18.880672099999998, "y": 113.39546506000002}, "pinhole3": {"x": 393.63157248, "error": 0.00039213607506394244, "z": -18.833105240000002, "y": 112.42196324000001}, "petal_id": 4}, "P081": {"pinhole2": {"x": 356.82900362000004, "error": 0.00010058300625992445, "z": -19.234794739999998, "y": 201.77179999999998}, "center": {"x": 357.10864086000004, "z": -19.322429355, "y": 202.828934555}, "pinhole1": {"x": 356.56952388, "error": 0.00023909751609318963, "z": -19.30996078, "y": 203.35038070000002}, "device_loc": 542, "pinhole4": {"x": 357.28824657999996, "error": -0.00016911745690242896, "z": -19.31089874, "y": 202.65565934}, "pinhole3": {"x": 357.74778935999996, "error": 0.000342315948730465, "z": -19.43406316, "y": 203.53789818}, "petal_id": 4}, "P043": {"pinhole2": {"x": 409.07304454, "error": -0.0007005665874011413, "z": -18.9448229, "y": 15.16975794}, "center": {"x": 409.5810925, "z": -18.996194414999998, "y": 14.1997572}, "pinhole1": {"x": 410.3263092, "error": 0.0010379306188718074, "z": -19.08722, "y": 14.18319856}, "device_loc": 439, "pinhole4": {"x": 409.3322864, "error": 0.0014162830242211433, "z": -18.960554359999996, "y": 14.2057119}, "pinhole3": {"x": 409.59272985999996, "error": -0.001224226301447362, "z": -18.992180400000002, "y": 13.240360399999997}, "petal_id": 4}, "P117": {"pinhole2": {"x": 54.66108038, "error": -0.0010285428198537616, "z": -0.4815021599999999, "y": 33.228340939999995}, "center": {"x": 54.428964310000005, "z": -0.47378470999999983, "y": 32.157361564999995}, "pinhole1": {"x": 54.993206840000006, "error": 5.745596766593142e-05, "z": -0.4832455999999999, "y": 31.66342124}, "device_loc": 11, "pinhole4": {"x": 54.24102252, "error": -9.230466492657352e-05, "z": -0.4634655199999999, "y": 32.32175516}, "pinhole3": {"x": 53.82054750000001, "error": -0.0015647490051353685, "z": -0.46692555999999985, "y": 31.41592892}, "petal_id": 4}, "P080": {"pinhole2": {"x": 331.75955910000005, "error": 0.0014278938945155861, "z": -16.254327699999997, "y": 186.02655712}, "center": {"x": 330.79714022999997, "z": -16.13559772, "y": 185.510827275}, "pinhole1": {"x": 330.78948304000005, "error": 0.0009931591627344583, "z": -16.09504796, "y": 184.7610689}, "device_loc": 496, "pinhole4": {"x": 330.79993016, "error": -0.0013762078108075504, "z": -16.129651000000003, "y": 185.75936428}, "pinhole3": {"x": 329.83958862, "error": -0.0003181695894803882, "z": -16.06336422, "y": 185.49631879999998}, "petal_id": 4}, "P114": {"pinhole2": {"x": 295.36058116000004, "error": 0.0009668981819823674, "z": -14.60754158, "y": 206.20973418000003}, "center": {"x": 295.028863215, "z": -14.647015289999999, "y": 207.25554332000002}, "pinhole1": {"x": 294.29491586, "error": 5.4266312055517574e-05, "z": -14.608752319999999, "y": 207.40483708000002}, "device_loc": 541, "pinhole4": {"x": 295.27323364, "error": -0.0006416001304666852, "z": -14.643809899999999, "y": 207.20602128000002}, "pinhole3": {"x": 295.1867222, "error": 0.0018268193049706394, "z": -14.727957360000001, "y": 208.20158074}, "petal_id": 4}, "P079": {"pinhole2": {"x": 403.35069434, "error": -0.001641772528097274, "z": -18.77592004, "y": 58.75264552}, "center": {"x": 404.0590454, "z": -18.86651247, "y": 59.58308056999999}, "pinhole1": {"x": 403.79689736000006, "error": 0.00014997624456014602, "z": -18.850503579999998, "y": 60.28564521999999}, "device_loc": 482, "pinhole4": {"x": 404.14635484, "error": 0.0015537613576556142, "z": -18.86043072, "y": 59.34724298}, "pinhole3": {"x": 404.94223506, "error": 0.001071777390733386, "z": -18.97919554, "y": 59.946788559999995}, "petal_id": 4}, "P011": {"pinhole2": {"x": 153.66554444, "error": -8.392158957115647e-05, "z": -2.76179524, "y": 40.53854118}, "center": {"x": 152.90321075, "z": -2.73715854, "y": 41.32673271}, "pinhole1": {"x": 152.17923218, "error": 0.00031670275700235173, "z": -2.7304402800000003, "y": 41.13017484}, "device_loc": 75, "pinhole4": {"x": 153.1447301, "error": 0.0018638389348108464, "z": -2.7063411399999997, "y": 41.3911849}, "pinhole3": {"x": 152.62333628000002, "error": 0.0012995098027016594, "z": -2.7500574999999996, "y": 42.24702992}, "petal_id": 4}, "P103": {"pinhole2": {"x": 367.22065153999995, "error": 0.008029268974456771, "z": -18.806292919999997, "y": 177.52641025999998}, "center": {"x": 368.00165456, "z": -18.848379915, "y": 176.74594138999998}, "pinhole1": {"x": 368.71165172, "error": -0.004120889844750675, "z": -18.9406768, "y": 176.95467997999998}, "device_loc": 534, "pinhole4": {"x": 367.7548072000001, "error": 0.00759948254254228, "z": -18.81281684, "y": 176.68144998}, "pinhole3": {"x": 368.31950778, "error": 0.017228919595661973, "z": -18.8337331, "y": 175.82122534}, "petal_id": 4}}