{"P116": {"center": {"z": -18.86918819, "y": 176.87083576499998, "x": 367.77945567}, "petal_id": 3, "pinhole3": {"z": -18.93124536, "error": -0.0011570267531316736, "y": 176.40053731999998, "x": 368.6135366}, "pinhole1": {"z": -18.94413808, "error": -0.0004081956500783246, "y": 177.50830346000004, "x": 368.16643812}, "pinhole2": {"z": -18.766602139999996, "error": -0.00012026300400158618, "y": 176.91517868, "x": 366.68838482}, "device_loc": 534, "pinhole4": {"z": -18.83476718, "error": 0.0006397010216077637, "y": 176.65932360000002, "x": 367.64946313999997}}, "P051": {"center": {"z": -0.4850908549999998, "y": 32.420116355000005, "x": 54.231823639999995}, "petal_id": 3, "pinhole3": {"z": -0.48679907999999983, "error": -0.0008848939994112737, "y": 31.954274599999998, "x": 55.07100989999999}, "pinhole1": {"z": -0.4951200599999998, "error": -0.0001816621699993748, "y": 33.064072859999996, "x": 54.615616579999994}, "pinhole2": {"z": -0.48402797999999986, "error": 2.6626007762375892e-05, "y": 32.45695294, "x": 53.13551622}, "device_loc": 11, "pinhole4": {"z": -0.47441629999999985, "error": -0.0002726238653411317, "y": 32.205165019999995, "x": 54.10515186}}, "P031": {"center": {"z": -11.159405494999998, "y": 86.12419425000002, "x": 304.17269208000005}, "petal_id": 3, "pinhole4": {"z": -11.14785888, "error": 0.0001545909055567507, "y": 86.37394803999999, "x": 304.16450432}, "pinhole3": {"z": -11.09977212, "error": -0.002288748966464471, "y": 86.06941276, "x": 303.2177078}, "pinhole1": {"z": -11.14701346, "error": 0.000803847703299998, "y": 85.37387806000001, "x": 304.19338796}, "device_loc": 321, "pinhole2": {"z": -11.24297752, "error": 0.000210947758323643, "y": 86.67953813999999, "x": 305.11516824}}, "P100": {"center": {"z": -6.539233135, "y": 14.02186476, "x": 241.62666671499997}, "petal_id": 3, "pinhole4": {"z": -6.5394798, "error": 0.001368216368378472, "y": 14.257853740000002, "x": 241.71324108}, "pinhole3": {"z": -6.50044344, "error": 0.00503391115307017, "y": 14.28802386, "x": 240.69914491999998}, "pinhole1": {"z": -6.5281327000000005, "error": 0.00045780035757803095, "y": 13.308517079999998, "x": 241.39418296}, "device_loc": 150, "pinhole2": {"z": -6.588876600000001, "error": -0.0017633630510116571, "y": 14.23306436, "x": 242.7000979}}, "P121": {"center": {"z": -18.997904395, "y": 14.305453839999998, "x": 409.177041685}, "petal_id": 3, "pinhole4": {"z": -19.01112124, "error": -0.001286266162782268, "y": 14.172545659999997, "x": 409.38684933999997}, "pinhole3": {"z": -19.05772948, "error": 0.0009202460288870729, "y": 15.133436320000001, "x": 409.66240698}, "pinhole1": {"z": -18.93288328, "error": 6.837888464328312e-05, "y": 14.706377380000001, "x": 408.54657746}, "device_loc": 439, "pinhole2": {"z": -18.98988358, "error": 0.0010357075207334532, "y": 13.209456, "x": 409.11233296}}, "P359": {"center": {"z": -14.743447455, "y": 207.26336747500002, "x": 295.332581765}, "petal_id": 3, "pinhole4": {"z": -14.74839268, "error": -0.001037296412894545, "y": 207.50808596000002, "x": 295.3780882}, "pinhole3": {"z": -14.68230466, "error": 0.0014646939041641494, "y": 207.40927498000002, "x": 294.38351198}, "pinhole1": {"z": -14.6880291, "error": 0.0001998373760019323, "y": 206.52725167999998, "x": 295.19949492}, "device_loc": 541, "pinhole2": {"z": -14.85506338, "error": 0.0014919823387582465, "y": 207.60885728000002, "x": 296.36923196}}, "P037": {"center": {"z": -7.69941112, "y": 149.748673735, "x": 215.81828893000002}, "petal_id": 3, "pinhole1": {"z": -7.735394099999999, "error": 0.00023487499475594031, "y": 149.76413503999999, "x": 216.56740073999998}, "pinhole3": {"z": -7.670374939999999, "error": -0.000388331641859585, "y": 148.79000998, "x": 215.86644706}, "pinhole2": {"z": -7.71597628, "error": -0.0027563751210042398, "y": 150.69557903999998, "x": 215.27034166000004}, "device_loc": 239, "pinhole4": {"z": -7.67589916, "error": 0.000456218078370485, "y": 149.74497088000004, "x": 215.56896626000002}}, "P006": {"center": {"z": -19.029734089999998, "y": 113.48506203, "x": 394.02425360999996}, "petal_id": 3, "pinhole4": {"z": -18.980970059999997, "error": 0.0014881542436666617, "y": 113.31512828, "x": 393.84539366}, "pinhole3": {"z": -19.080326239999998, "error": 0.0056729793565842845, "y": 112.80363551999999, "x": 394.70760936}, "pinhole1": {"z": -19.12649862, "error": 0.0055168837175930685, "y": 113.99549013999999, "x": 394.57266444}, "device_loc": 517, "pinhole2": {"z": -18.931141439999998, "error": 0.014210981421510782, "y": 113.82599418, "x": 392.97134698}}, "P007": {"center": {"z": -18.8412498, "y": 59.11414922499999, "x": 403.96491941499994}, "petal_id": 3, "pinhole4": {"z": -18.85422726, "error": 0.0035845656918646607, "y": 59.255508999999996, "x": 404.1750482599999}, "pinhole3": {"z": -18.7897038, "error": 9.618937310995612e-05, "y": 59.89253432, "x": 403.4040371}, "pinhole1": {"z": -18.770071339999998, "error": 0.0017359249451947, "y": 58.69415416, "x": 403.34565022}, "device_loc": 482, "pinhole2": {"z": -18.950996800000002, "error": -0.00020576630474122837, "y": 58.61439942, "x": 404.93494208000004}}, "P083": {"center": {"z": -2.7745703249999996, "y": 41.179510215, "x": 152.97929915999998}, "petal_id": 3, "pinhole4": {"z": -2.76742192, "error": -0.007855393425286794, "y": 41.353989139999996, "x": 153.14704902}, "pinhole3": {"z": -2.7651832, "error": 0.00015495743780380433, "y": 41.805965220000004, "x": 152.2508019}, "pinhole1": {"z": -2.76332976, "error": -0.0012748789147991602, "y": 40.62703194, "x": 152.47424374000002}, "device_loc": 75, "pinhole2": {"z": -2.80234642, "error": -0.0021683547668338576, "y": 40.93105456, "x": 154.04510198}}, "P669": {"center": {"z": -19.27535677, "y": 202.52555155500002, "x": 356.800498735}, "petal_id": 3, "pinhole4": {"z": -19.28747662, "error": 0.00047069627603607556, "y": 202.74315643999998, "x": 356.92393614}, "pinhole3": {"z": -19.23548636, "error": 0.0016055109523847033, "y": 202.9811842, "x": 355.95383402}, "pinhole1": {"z": -19.2150353, "error": 0.0026050448710253082, "y": 201.87304344, "x": 356.43055506}, "device_loc": 542, "pinhole2": {"z": -19.363428799999998, "error": 8.92673936148114e-06, "y": 202.50482214, "x": 357.89366972000005}}}