{"P098": {"pinhole3": {"error": 0.0009288509431196745, "z": -18.851113320000003, "y": 177.62562148, "x": 367.30725694}, "pinhole4": {"error": -0.002761121087043711, "z": -18.82160932, "y": 176.70294736, "x": 367.68919664}, "pinhole1": {"error": 0.0002278597091673884, "z": -18.73037554, "y": 176.59314956, "x": 366.70232598}, "pinhole2": {"error": 0.0016265557379619988, "z": -18.82911216, "y": 175.7772081, "x": 368.07701036000003}, "center": {"z": -18.808052585, "y": 176.674731625, "x": 367.44394748}, "petal_id": 9, "device_loc": 534}, "P101": {"pinhole3": {"error": 0.0016284659758638576, "z": -18.97184488, "y": 13.34407856, "x": 409.00963304}, "pinhole4": {"error": 0.0030958273027089644, "z": -19.01086906, "y": 14.2705175, "x": 409.38355484}, "pinhole1": {"error": -0.0010013009043265964, "z": -19.10991254, "y": 13.64967726, "x": 410.1636146000001}, "pinhole2": {"error": 0.0010284447562671772, "z": -19.077514060000002, "y": 15.196764139999999, "x": 409.76684370000004}, "center": {"z": -19.042535135, "y": 14.115259365, "x": 409.580911545}, "petal_id": 9, "device_loc": 439}, "P088": {"pinhole3": {"error": -0.00048384998388539824, "z": -2.7787623000000004, "y": 41.530502139999996, "x": 152.11971956000002}, "pinhole4": {"error": -0.0005151552062960807, "z": -2.7916851800000004, "y": 41.48698612, "x": 153.1190082}, "pinhole1": {"error": 6.500691656707858e-05, "z": -2.7867912, "y": 40.5408342, "x": 152.79754229999998}, "pinhole2": {"error": -0.0005611662635252035, "z": -2.8360652800000006, "y": 41.445901879999994, "x": 154.11639035999997}, "center": {"z": -2.7983259900000004, "y": 41.251056084999995, "x": 153.038165105}, "petal_id": 9, "device_loc": 75}, "P107": {"pinhole3": {"error": 0.0019091320484438956, "z": -14.886635380000001, "y": 208.54800256000004, "x": 295.7078983}, "pinhole4": {"error": 0.0008799985352222484, "z": -14.79542304, "y": 207.56137454, "x": 295.53945722}, "pinhole1": {"error": 0.0006533845676022221, "z": -14.760404399999999, "y": 208.005464, "x": 294.6427648}, "pinhole2": {"error": -0.0008868689764964799, "z": -14.737018819999998, "y": 206.5808509, "x": 295.37084012}, "center": {"z": -14.79487041, "y": 207.673923, "x": 295.31524011}, "petal_id": 9, "device_loc": 541}, "P026": {"pinhole3": {"error": 0.0001728901518720516, "z": -19.22467154, "y": 201.92119832, "x": 356.53280422}, "pinhole4": {"error": -0.00031451225564876895, "z": -19.31567216, "y": 202.60873608, "x": 357.25055127999997}, "pinhole1": {"error": 0.00034757385829098375, "z": -19.318045020000003, "y": 201.72286223999998, "x": 357.71408242}, "pinhole2": {"error": 0.0013757392793845025, "z": -19.43256436, "y": 203.29902228, "x": 357.97035944}, "center": {"z": -19.32273827, "y": 202.38795473, "x": 357.36694934}, "petal_id": 9, "device_loc": 542}, "P024": {"pinhole3": {"error": -0.001728594384548643, "z": -6.55034134, "y": 15.24561854, "x": 241.6966793}, "pinhole4": {"error": -0.0013484379983519645, "z": -6.5185036400000005, "y": 14.248267679999998, "x": 241.65321954}, "pinhole1": {"error": -0.002442605192734204, "z": -6.493023580000001, "y": 14.57116882, "x": 240.71152607999997}, "pinhole2": {"error": -0.0003452854594800936, "z": -6.52659708, "y": 13.248939459999999, "x": 241.61015590000002}, "center": {"z": -6.522116410000001, "y": 14.328498625000002, "x": 241.417895205}, "petal_id": 9, "device_loc": 150}, "P052": {"pinhole3": {"error": 0.002736763233854189, "z": -16.20944654, "y": 186.67756163999996, "x": 330.4771136}, "pinhole4": {"error": -0.0020898828523503166, "z": -16.169711420000002, "y": 185.7112136, "x": 330.731827975}, "pinhole1": {"error": -0.0005236846252902883, "z": -16.099152359999998, "y": 185.73875424, "x": 329.73750452499996}, "pinhole2": {"error": 0.006936633136601644, "z": -16.15010254, "y": 184.73476852000002, "x": 330.99066225}, "center": {"z": -16.157103215, "y": 185.7155745, "x": 330.4842770875}, "petal_id": 9, "device_loc": 496}, "P008": {"pinhole3": {"error": 0.0007457381814574005, "z": -19.08566422, "y": 114.36114114, "x": 394.22569574}, "pinhole4": {"error": -0.0005160058718140514, "z": -18.972265540000002, "y": 113.46142239999999, "x": 393.79814068}, "pinhole1": {"error": 0.001035752496008957, "z": -18.93599886, "y": 114.13068122, "x": 393.0560113}, "pinhole2": {"error": -0.00019320979923032056, "z": -18.909728920000003, "y": 112.5606751, "x": 393.37168092}, "center": {"z": -18.975914385000003, "y": 113.628479965, "x": 393.61288216}, "petal_id": 9, "device_loc": 517}, "P062": {"pinhole3": {"error": 0.0005247427492784951, "z": -0.47447376000000013, "y": 31.41519544, "x": 54.2729731}, "pinhole4": {"error": 0.000942891911558219, "z": -0.46176874000000023, "y": 32.41274598, "x": 54.20759611999999}, "pinhole1": {"error": -5.978456582267366e-05, "z": -0.4971886400000002, "y": 32.19878542, "x": 55.184221179999994}, "pinhole2": {"error": -0.0004138221738585468, "z": -0.49614274000000014, "y": 33.41156656, "x": 54.14309806}, "center": {"z": -0.4823934700000002, "y": 32.35957335, "x": 54.451972115000004}, "petal_id": 9, "device_loc": 11}, "P042": {"pinhole3": {"error": 0.0009421442526046375, "z": -11.10735278, "y": 85.73002096000002, "x": 303.32949315999997}, "pinhole4": {"error": 0.007560860158003391, "z": -11.1594326, "y": 86.34832778, "x": 304.12196606}, "pinhole1": {"error": 0.0027905724241698016, "z": -11.17756332, "y": 85.40508747999999, "x": 304.48289065999995}, "pinhole2": {"error": -0.002027695585740119, "z": -11.241150379999999, "y": 86.945438, "x": 304.91265383999996}, "center": {"z": -11.17137477, "y": 86.107218555, "x": 304.21175093}, "petal_id": 9, "device_loc": 321}, "P093": {"pinhole3": {"error": -0.002874017387746397, "z": -19.033691840000003, "y": 59.418789219999994, "x": 405.11749657999997}, "pinhole4": {"error": 0.0031880033428611787, "z": -18.88504568, "y": 59.32602766, "x": 404.12893476}, "pinhole1": {"error": -0.0006802177806251031, "z": -18.94294566, "y": 60.30781032, "x": 404.32068488}, "pinhole2": {"error": -0.009186645299979146, "z": -18.7847781, "y": 59.2377024, "x": 403.15293549999996}, "center": {"z": -18.911615320000003, "y": 59.5725824, "x": 404.18001293}, "petal_id": 9, "device_loc": 482}, "P069": {"pinhole3": {"error": 0.0009491803027934509, "z": -7.6574494600000005, "y": 149.81744460000002, "x": 214.4010658}, "pinhole4": {"error": -0.002425818626362264, "z": -7.6882247800000005, "y": 149.82788053999997, "x": 215.39950242499998}, "pinhole1": {"error": 0.002379284432160178, "z": -7.65762328, "y": 148.86281526, "x": 215.1403259}, "pinhole2": {"error": -0.0011151735847991784, "z": -7.74630916, "y": 149.84762501999998, "x": 216.397874725}, "center": {"z": -7.687401670000001, "y": 149.58894135499997, "x": 215.3346922125}, "petal_id": 9, "device_loc": 239}}